{
  "train_loss": [
    1.8067794839541118,
    0.8004972646633784,
    0.5938744033376376,
    0.48435615996519726,
    0.4057760623594125,
    0.3449495106935501,
    0.3012949571013451,
    0.26566460567216077
  ],
  "val_loss": [
    0.8848371058702469,
    0.5676402673125267,
    0.41139494627714157,
    0.3582015838474035,
    0.29921138659119606,
    0.2613816009834409,
    0.2201624270528555,
    0.1808349620550871
  ]
}